"0","estonia <- estonia[order(estonia$MNIMI),]"
"0",""
"0","fig_data <- read.csv(""fig_23_data.csv"", header=TRUE, sep="";"")"
"0","fig_data <- fig_data[order(fig_data$county_est),]"
"0",""
"0","estonia$pop_change <- fig_data$pop_change"
"0","estonia$GDP95 <- fig_data$GDP95"
"0","estonia$GDP16 <- fig_data$GDP16"
"0",""
"0","pop_change <- tm_shape(estonia) + "
"0","    tm_fill(""pop_change"", title=""Rahvaarvu muutus (protsentides), 1995-2016"","
"0","    breaks = c(-30,-20, -10,0,10), palette = c(""#B6A8CD"",""#6D519C"",""#361C62"",""#86858A"")) +"
"0","    tm_borders(col=""white"") +"
"0","    tm_layout("
"0","      outer.margins=0, inner.margins=c(.02, .1, .02, .02), asp=1920/1080,"
"0","      legend.text.size=2.,"
"0","      legend.title.size=3,"
"0","      legend.outside = FALSE,"
"0","      legend.width=.25, legend.height = .7,"
"0","      legend.format=list(text.separator=""kuni""),"
"0","      frame = FALSE)"
"0",""
"0","GDP <-  tm_shape(estonia) +"
"0","      tm_bubbles(col = ""#777777"",alpha = 0.5, size = ""GDP95"", scale = 541/640 * 8*1.7, border.col=""white"",xmod=-1, sizes.legend=c(2,10), title.size=""Riikliku SKP osamaht aastal 1995 (%)"" ) +"
"0","      tm_text (col=""white"", text=""GDP95"",xmod=-1) +"
"0","      "
"0","    tm_shape(estonia) +"
"0","    tm_bubbles(col = ""#E6E3D9"",alpha = 0.5, size = ""GDP16"", scale = 8*1.7, border.col=""white"", xmod=1, sizes.legend=c(2,10), title.size=""Riikliku SKP osamaht aastal 2016 (%)"") +"
"0","      tm_text (col=""white"", text=""GDP16"", xmod=1)"
"0",""
"0","    tm_layout("
"0","      legend.text.size=2,"
"0","      legend.title.size=3,"
"0","      frame = FALSE)"
"1","$tm_layout
"
"1","$tm_layout$frame
"
"1","[1]"
"1"," FALSE"
"1","
"
"1","
"
"1","$tm_layout$legend.title.size
"
"1","[1]"
"1"," 3"
"1","
"
"1","
"
"1","$tm_layout$legend.text.size
"
"1","[1]"
"1"," 2"
"1","
"
"1","
"
"1","$tm_layout$style
"
"1","[1]"
"1"," NA"
"1","
"
"1","
"
"1","
"
"1","attr(,""class"")"
"1","
"
"1","[1]"
"1"," ""tm"""
"1","
"
"0","  "
"0","  "
"0","tmap_save(tm = pop_change + GDP, filename = ""figure2.pdf"")"
"0",""
"0","#svg(filename=""figure.svg"")"
"0","#pop_change + GDP"
"0","#dev.off()"
"0",""
